{
  "controller/Object-dbg.controller.js": 1651208080544,
  "utils/locate-reuse-libs.js": 1651208081528,
  "manifest.json": 1651208701316,
  "model/models.js": 1651208081176,
  "model/formatter.js": 1651208081082,
  "controller/Worklist.controller.js": 1651208080635,
  "controller/Object.controller.js": 1651208080544,
  "controller/NotFound.controller.js": 1651208080423,
  "controller/ErrorHandler.js": 1651208080265,
  "controller/BaseController.js": 1651208080117,
  "controller/App.controller.js": 1651208079985,
  "Component.js": 1651208079645,
  "manifest-bundle.zip": 1651208701343,
  "Component-preload.js": 1651208701843,
  "utils/locate-reuse-libs-dbg.js": 1651208081528,
  "model/formatter-dbg.js": 1651208081082,
  "controller/Worklist-dbg.controller.js": 1651208080635,
  "i18n/i18n.properties": 1651208080750,
  "controller/NotFound-dbg.controller.js": 1651208080423,
  "controller/ErrorHandler-dbg.js": 1651208080265,
  "controller/BaseController-dbg.js": 1651208080117,
  "controller/App-dbg.controller.js": 1651208079985,
  "model/models-dbg.js": 1651208081176,
  "Component-dbg.js": 1651208079645,
  "view/Worklist.view.xml": 1651208082130,
  "view/ObjectNotFound.view.xml": 1651208082038,
  "view/Object.view.xml": 1651208081875,
  "view/NotFound.view.xml": 1651208081758,
  "view/App.view.xml": 1651208081651,
  "index.html": 1651208079748
}